{"train_loss": 0.5271746816588383, "valid_loss": 0.6798174391532766, "_timestamp": 1715695465.9238918, "_runtime": 439.4323878288269, "_step": 8, "_wandb": {"runtime": 489}}