{"train_loss": 0.5310761646897185, "valid_loss": 0.6430610582746309, "_timestamp": 1715691232.5847304, "_runtime": 476.01466846466064, "_step": 9, "_wandb": {"runtime": 655}}