{"train_loss": 0.4751320618624781, "valid_loss": 0.7353133281757092, "_timestamp": 1715696595.3947563, "_runtime": 520.6462533473969, "_step": 9, "_wandb": {"runtime": 854}}