{"train_loss": 0.48747010511510513, "valid_loss": 0.7102742010149462, "_timestamp": 1715696024.6495554, "_runtime": 502.1438753604889, "_step": 9, "_wandb": {"runtime": 513}}