{"valid_loss": 0.717399917799851, "_timestamp": 1715687452.010725, "_runtime": 220.01367592811584, "_step": 62, "train_loss": 0.5629470348358154, "avg_train_loss": 0.5188266116030076, "_wandb": {"runtime": 228}}