{"train_loss": 0.48864734663682824, "valid_loss": 0.7711782702084246, "_timestamp": 1715690063.9614162, "_runtime": 507.7987732887268, "_step": 9, "_wandb": {"runtime": 603}}