{"train_loss": 0.6007176939178915, "valid_loss": 0.6379983589566988, "_timestamp": 1715688307.901695, "_runtime": 245.91895198822021, "_step": 4, "_wandb": {"runtime": 288}}