{"train_loss": 0.5381293882341945, "valid_loss": 0.7599619935298788, "_timestamp": 1715693958.413481, "_runtime": 509.02156591415405, "_step": 9, "_wandb": {"runtime": 520}}