{"train_loss": 0.48379376501429316, "valid_loss": 0.7216167213587925, "_timestamp": 1715693090.9370463, "_runtime": 508.0098042488098, "_step": 9, "_wandb": {"runtime": 547}}