{"epoch": 4, "train_loss": 0.6871229216164234, "valid_loss": 0.6869873877229362, "_timestamp": 1715682664.3808706, "_runtime": 271.88609766960144, "_step": 4, "_wandb": {"runtime": 330}}