{"train_loss": 0.4440176325685838, "valid_loss": 0.7363801218312362, "_timestamp": 1715685641.7465758, "_runtime": 993.190575838089, "_step": 19, "_wandb": {"runtime": 1257}}