{"train_loss": 0.5663113841134259, "valid_loss": 0.6187779036087867, "_timestamp": 1716216320.074073, "_runtime": 507.47242307662964, "_step": 9, "_wandb": {"runtime": 522}}