{"train_loss": 0.5686933714969485, "valid_loss": 0.6270931609745684, "_timestamp": 1715698081.7263243, "_runtime": 480.57330441474915, "_step": 9, "_wandb": {"runtime": 519}}