{"train_loss": 0.6065492001234316, "valid_loss": 0.6185672457875877, "_timestamp": 1715687940.9536688, "_runtime": 241.9516909122467, "_step": 4, "_wandb": {"runtime": 357}}