{"train_loss": 0.5613468502067093, "valid_loss": 0.6272086684520428, "_timestamp": 1716216954.7544687, "_runtime": 268.9618537425995, "_step": 4, "_wandb": {"runtime": 421}}