{"train_loss": 0.5004303606117473, "valid_loss": 0.6455585134440455, "_timestamp": 1715694361.181392, "_runtime": 304.3897099494934, "_step": 9, "_wandb": {"runtime": 359}}