{"train_loss": 0.5713042456729739, "valid_loss": 0.6309389348687797, "_timestamp": 1715688686.1034722, "_runtime": 257.1597182750702, "_step": 4, "_wandb": {"runtime": 464}}