{"train_loss": 0.4928140385538085, "valid_loss": 0.6735890935628842, "_timestamp": 1716218425.9236107, "_runtime": 994.3007166385651, "_step": 19}