{"train_loss": 0.5288041216185969, "valid_loss": 0.7460099240908256, "_timestamp": 1716214902.655795, "_runtime": 684.8118140697479, "_step": 13, "_wandb": {"runtime": 738}}