{"train_loss": 0.687241361655441, "valid_loss": 0.6869858256701765, "_timestamp": 1715683408.3286521, "_runtime": 434.2817380428314, "_step": 7, "_wandb": {"runtime": 444}}