{"valid_loss": 0.6456583245047207, "_timestamp": 1715687188.435172, "_runtime": 115.27191805839539, "_step": 11, "step": 500, "train_loss": 0.6076247692108154, "avg_train_loss": 0.6134851807472752, "_wandb": {"runtime": 153}}