{"train_loss": 0.449206084188293, "valid_loss": 0.8505289513489296, "_timestamp": 1715699238.534733, "_runtime": 985.8757829666138, "_step": 19}