{"train_loss": 0.6488379354570426, "valid_loss": 0.6353563769110318, "_timestamp": 1715690696.5982363, "_runtime": 528.1719973087311, "_step": 9, "_wandb": {"runtime": 560}}