{"valid_loss": 0.6315607469657372, "_timestamp": 1715687677.3026953, "_runtime": 103.44233131408691, "_step": 29, "train_loss": 0.640163004398346, "avg_train_loss": 0.6466558145541771, "_wandb": {"runtime": 109}}