{"train_loss": 0.49375527991968043, "valid_loss": 0.6910064148491827, "_timestamp": 1715692531.8472834, "_runtime": 482.91106724739075, "_step": 9, "_wandb": {"runtime": 525}}