{"train_loss": 0.4905588555569742, "valid_loss": 0.6387453264203565, "_timestamp": 1715684454.5191126, "_runtime": 997.8069186210632, "_step": 19, "_wandb": {"runtime": 1046}}