{"train_loss": 0.5493053197860718, "valid_loss": 0.6300037482689167, "_timestamp": 1715694934.3641336, "_runtime": 343.33116269111633, "_step": 9, "_wandb": {"runtime": 357}}