{"train_loss": 0.580648273229599, "valid_loss": 0.6216315478086472, "_timestamp": 1716215786.7512105, "_runtime": 678.2571773529053, "_step": 13, "_wandb": {"runtime": 699}}