{"train_loss": 0.5466918027044362, "valid_loss": 0.6232355336348215, "_timestamp": 1716217392.3619816, "_runtime": 277.6669557094574, "_step": 4, "_wandb": {"runtime": 284}}