{"train_loss": 0.46444326662549784, "valid_loss": 0.8524537250913423, "_timestamp": 1715697283.7583678, "_runtime": 345.37291383743286, "_step": 9, "_wandb": {"runtime": 364}}