{"train_loss": 0.3906301333623774, "valid_loss": 0.9892953675368736, "_timestamp": 1715686934.9113152, "_runtime": 1022.2070732116699, "_step": 19, "_wandb": {"runtime": 1051}}