{"train_loss": 0.5313226051190321, "valid_loss": 0.6577046862963972, "_timestamp": 1715691926.0172439, "_runtime": 508.18891286849976, "_step": 9, "_wandb": {"runtime": 555}}