{"train_loss": 0.4925286821290559, "valid_loss": 0.6323166099087946, "_timestamp": 1715689387.946538, "_runtime": 486.9580509662628, "_step": 9, "_wandb": {"runtime": 520}}